150006,margin 1:  ... واربعمائة,margin: Qur’ān IX: 33 till المشركون ,m.
150007,margin 1:  بالمنصورية سنة احدى عشر واربعمائة,margin 1: Qur’ān IX: 33 till المشركون ,al-Mansuriyah
150008,margin 1:  ... واربعمائة,margin: Qur’ān IX: 33 till المشركون ,m.
150009,margin 1:  ... واربعمائة,margin: Qur’ān IX: 33 till المشركون ,m.
150014,margin 1:  بمصر سنة سبع وثمانين وثلث مائة,margin 1: Qur’ān IX: 33 till المشركون,Misr
150015,margin 1:  بمصر سنة تسعين وثلث مائة,margin 1: Qur’ān IX: 33 till المشركون,Misr
150016,margin 1:  بالمهدية سنة احدى واربعمائة ,margin 1: Qur’ān IX: 33 till المشركون,al-Mahdiyah
150017,margin 1:  بمصر سنة اربع وتسعين وثلثمائة,margin 1: Qur’ān IX: 33 till المشركون,Misr
150030,margin 1: heavily clipped     ,margin: Qur’ān IX: 33 till المشركون ,m.
150031,margin 1: heavily clipped     ,margin: Qur’ān IX: 33 till المشركون ,m.
150032,margin 1: .... بالمنصورية سنة,margin 1: Qur’ān IX: 33 till المشركون,al-Mansuriyah
150033,margin 1:  بمصر سنة احدى وتسعين وثلثمائة,margin 1: Qur’ān IX: 33 till المشركون,Misr
150034,margin 1:  بالمنصورية سنة اربع واربعمائة,margin 1: Qur’ān IX: 33 till المشركون,al-Mansuriyah
150036,margin 1: heavily clipped,margin: Qur’ān IX: 33 till المشركون ,m.
150037,margin 1:  بمصر سنة تسع وثمانين وثلث مائة,margin 1: Qur’ān IX: 33 till المشركون,Misr
150038,margin 1:  بمصر سنة احدى واربعمائة,margin 1: Qur’ān IX: 33 till المشركون,Misr
150039,margin 1:  بالمهدية سنة ست وتسعين وثلثمائة,margin 1: Qur’ān IX: 33 till المشركون,al-Mahdiyah
150040,margin 1:  بمصر سنة ثمان وتسعين وثلثمائة,margin 1: Qur’ān IX: 33 till المشركون,Misr
150041,margin 1: heavily clipped     ,margin: Qur’ān IX: 33 till المشركون ,m.
150042,margin 1:  بمصر سنة ثلث وتسعين وثلثمائة,margin 1: Qur’ān IX: 33 till المشركون,Misr
150043,margin 1: heavily clipped     ,margin: Qur’ān IX: 33 till المشركون ,m.
150044,margin 1:  ... سنة ست ...,margin: Qur’ān IX: 33 till المشركون ,m.
150045,margin 1:  بمصر سنة اربع وتسعين وثلثمائة,margin 1: Qur’ān IX: 33 till المشركون,Misr
150046,margin 1: heavily clipped     ,margin: Qur’ān IX: 33 till المشركون ,(Atarablus)
150047,margin 1: heavily clipped     ,margin: Qur’ān IX: 33 till المشركون,(Atarablus)
150048,margin 1: .... بالمنصورية سنة,margin 1: Qur’ān IX: 33 till المشركون,al-Mansuriyah
150049,margin 1:  بمصر سنة تسعين وثلث مائة,margin 1: Qur’ān IX: 33 till المشركون,Misr
150050,margin 1:  بمصر سنة ثمان وتسعين وثلثمائة,margin 1: Qur’ān IX: 33 till المشركون,Misr
150051,margin 1:سنة ست واربعمائة (بالمنصورية) ,margin 1: Qur’ān IX: 33 till المشركون ,(al-Mansuriyah)
150052,margin 1:  بالمنصورية سنة ست واربعمائة,margin 1: Qur’ān IX: 33 till المشركون ,al-Mansuriyah
150053,margin 1:  بالمنصورية سنة ست واربعمائة,margin 1: Qur’ān IX: 33 till المشركون ,al-Mansuriyah
150054,margin 1:  بالمنصورية سنة ست واربعمائة,margin 1: Qur’ān IX: 33 till المشركون ,al-Mansuriyah
150055,margin 1:  بمصر سنة اثنين وتسعين وثلث مائة,margin 1: Qur’ān IX: 33 till المشركون,Misr
150056,margin 1:  بمصر سنة اربع وتسعين وثلثمائة,margin 1: Qur’ān IX: 33 till المشركون,Misr
150057,margin 1:  بالمنصورية سنة ست واربعمائة,margin 1: Qur’ān IX: 33 till المشركون ,al-Mansuriyah
150058,margin 1:  بالمنصورية سنة ست وتسعين وثلثمائة,margin 1: Qur’ān IX: 33 till المشركون,al-Mansuriyah
150059,margin 1:  بمصر سنة ثمان وتسعين وثلثمائة,margin 1: Qur’ān IX: 33 till المشركون,Misr
150060,margin 1:  بالمنصورية سنة اربع واربعمائة,margin 1: Qur’ān IX: 33 till المشركون,al-Mansuriyah
150061,margin 1:  بمصر سنة اربع وتسعين وثلثمائة,margin 1: Qur’ān IX: 33 till المشركون,Misr
150062,margin 1:  تسعين وثلثمائة …,margin: Qur’ān IX: 33 till المشركون ,m.
150063,margin 1: احدى واربعمائة  …,margin: Qur’ān IX: 33 till المشركون ,m.
150064,margin 1:  بمصر سنة اثنين وتسعين وثلث مائة,margin 1: Qur’ān IX: 33 till المشركون,Misr
150066,margin 1:  بالمنصورية سنة خمس عشر واربعمائة,margin 1: Qur’ān IX: 33 till المشركون ,al-Mansuriyah
150067,margin 1:  ... واربعمائة,margin: Qur’ān IX: 33 till المشركون ,m.
150068,margin 1:  بالمنصورية سنة ست واربعمائة,margin 1: Qur’ān IX: 33 till المشركون ,al-Mansuriyah
150069,margin 1: .... بالمنصورية سنة,margin 1: Qur’ān IX: 33 till المشركون ,al-Mansuriyah
150070,margin 1:  بدمشق سنة اربع وتسعين وثلثمائة,margin 1: Qur’ān IX: 33 till المشركون,Dimashq
150071,margin 1:  بالمنصورية سنة خمس واربعمائة,margin 1: Qur’ān IX: 33 till المشركون ,al-Mansuriyah
150072,margin 1: .... بالمنصورية سنة,margin 1: Qur’ān IX: 33 till المشركون ,al-Mansuriyah
150073,margin 1:  بالمنصورية سنة خمس واربعمائة,margin 1: Qur’ān IX: 33 till المشركون ,al-Mansuriyah
150074,margin 1:  بالمهدية سنة اربع وتسعين وثلث مائة,margin 1: Qur’ān IX: 33 till المشركون ,al-Mahdiyah
150076,margin 1:  بالمهدية سنة ست وتسعين وثلثمائة,margin 1: Qur’ān IX: 33 till المشركون ,al-Mahdiyah
150077,margin 1:  بالمهدية سنة ست وتسعين وثلثمائة,margin 1: Qur’ān IX: 33 till المشركون ,al-Mahdiyah
150078,margin 1:  بالمنصورية سنة خمس واربعمائة,margin 1: Qur’ān IX: 33 till المشركون ,al-Mansuriyah
150079,margin 1: ...  بمصر سنة ,margin 1: Qur’ān IX: 33 till المشركون,Misr
150080,margin 1: .... بالمنصورية سنة,margin 1: Qur’ān IX: 33 till المشركون ,al-Mansuriyah
150081,margin 1:  ( بالمنصورية سنة خمس ( واربعمائة,margin 1: Qur’ān IX: 33 till المشركون ,al-Mansuriyah
150082,margin 1:  باطرابلس سنة احدي واربعمائة,margin: Qur’ān IX: 33 till المشركون ,Atarablus
150083,margin 1:  بمصر سنة اربع وتسعين وثلثمائة,margin 1: Qur’ān IX: 33 till المشركون,Misr
150084,`,margin 1: Qur’ān IX: 33 till المشركون ,Filastin
150085,margin 1:  بمصر سنة سبع وثمانين وثلث مائة,margin 1: Qur’ān IX: 33 till المشركون,Misr
150086,margin 1:  بالمنصورية سنة سبع واربعمائة,margin 1: Qur’ān IX: 33 till المشركون ,al-Mansuriyah
150087,margin 1:  بطبرية سنة ثمان وثمانين وثلثمائة,margin 1: Qur’ān IX: 33 till المشركون,Tabariyyah
150088,margin 1:  بالمنصورية سنة ست واربعمائة,margin 1: Qur’ān IX: 33 till المشركون ,al-Mansuriyah
150089,margin 1:  بمصر سنة ثمان وتسعين وثلثمائة,margin 1: Qur’ān IX: 33 till المشركون,Misr
150090,margin 1:   بالمنصورية )سنة خمس واربعمائة),margin 1: Qur’ān IX: 33 till المشركون ,(al-Mansuriyah)
150092,margin 1:  ...بالمنصورية سنة عشر,margin 1: Qur’ān IX: 33 till المشركون ,al-Mansuriyah
150093,margin 1:   (بالمنصورية) سنة تسع وتسعين وثلثمائة,margin 1: Qur’ān IX: 33 till المشركون ,(al-Mansuriyah)
150094,margin 1:  بمصر سنة اربع وتسعين وثلثمائة,margin 1: Qur’ān IX: 33 till المشركون,Misr
150095,margin 1: .... بالمنصورية سنة,margin 1: Qur’ān IX: 33 till المشركون ,al-Mansuriyah
150096,margin 1:  بالمهدية سنة ست وتسعين وثلثمائة,margin 1: Qur’ān IX: 33 till المشركون ,al-Mahdiyah
150097,margin 1:  بالمنصورية سنة ست واربعمائة,margin 1: Qur’ān IX: 33 till المشركون ,al-Mansuriyah
150098,margin 1:  بالمنصورية) سنة سبع واربعمائة),margin 1: Qur’ān IX: 33 till المشركون ,(al-Mansuriyah)
150099,margin 1:  بمصر سنة تسع وتسعين وثلثمائة,margin 1: Qur’ān IX: 33 till المشركون,Misr
150100,margin 1:  بمصر سنة تسع وتسعين وثلثمائة,margin 1: Qur’ān IX: 33 till المشركون,Misr
150101,margin 1:  بمصر سنة ثمان وتسعين وثلثمائة,margin 1: Qur’ān IX: 33 till المشركون,Misr
150102,margin 1:  بمصر سنة اربع وتسعين وثلثمائة,margin 1: Qur’ān IX: 33 till المشركون,Misr
150103,margin 1:  بمصر سنة اربع وتسعين وثلثمائة,margin 1: Qur’ān IX: 33 till المشركون,Misr
150104,margin 1:  بمصر سنة سبع وتسعين وثلثمائة,margin 1: Qur’ān IX: 33 till المشركون,Misr
150105,margin 1:  بمصر سنة ست وتسعين وثلثمائة,margin 1: Qur’ān IX: 33 till المشركون,Misr
150106,margin 1:  بالمنصورية سنة ثمان وتسعين وثلثمائة,margin 1: Qur’ān IX: 33 till المشركون ,al-Mansuriyah
150107,margin 1: heavily clipped     ,margin: Qur’ān IX: 33 till المشركون ,(Atarablus)
150108,margin 1:  بالمنصورية سنة احدى عشر واربعمائة,margin 1: Qur’ān IX: 33 till المشركون ,al-Mansuriyah
150109,margin 1:  بمصر سنة ست وتسعين وثلثمائة,margin 1: Qur’ān IX: 33 till المشركون,Misr
150110,margin 1:  بمصر سنة اربع وتسعين وثلثمائة,margin 1: Qur’ān IX: 33 till المشركون,Misr
150121,margin 1:  بالمنصورية سنة ثلث واربعمائة,margin 1: Qur’ān IX: 33 till المشركون  ,al-Mansuriyah
150122,margin 1:  بمصر سنة ثمان وثمانين وثلث مائة,margin 1: Qur’ān IX: 33 till المشركون,Misr
150123,margin 1:  بمصر سنة احدى وتسعين وثلثمائة,margin 1: Qur’ān IX: 33 till المشركون,Misr
150124,margin 1:  بالمنصورية سنة ثلث واربعمائة,margin 1: Qur’ān IX: 33 till المشركون ,al-Mansuriyah
150125,margin 1:  بالمنصورية سنة سبع واربعمائة,margin 1: Qur’ān IX: 33 till المشركون ,al-Mansuriyah
150127,margin 1:  بمصر سنة اربعمائة,margin 1: Qur’ān IX: 33 till المشركون,Misr
150128,margin 1:  بمصر سنة احدى وتسعين وثلث مائة,margin 1: Qur’ān IX: 33 till المشركون,Misr
150129,margin 1:  بمصر سنة تسع وثمانين وثلث مائة,margin 1: Qur’ān IX: 33 till المشركون,Misr
150130,margin 1:  ... واربعمائة,margin: Qur’ān IX: 33 till المشركون ,m.
150131,margin 1: .... بالمنصورية سنة,margin 1: Qur’ān IX: 33 till المشركون ,al-Mansuriyah
150132,margin 1:  بمصر سنة ثمان وتسعين وثلثمائة,margin 1: Qur’ān IX: 33 till المشركون,Misr
150133,margin 1:  بمصر سنة ثمان وثمانين وثلث مائة,margin 1: Qur’ān IX: 33 till المشركون,Misr
150136,margin 1:  (بالمنصورية) سنة اربع وتسعين وثلثمائة,margin 1: Qur’ān IX: 33 till المشركون ,(al-Mansuriyah)
150137,margin 1: .... بالمنصورية سنة,margin 1: Qur’ān IX: 33 till المشركون ,al-Mansuriyah
150138,margin 1:  بالمنصورية سنة اربع وتسعين وثلثمائة,margin 1: Qur’ān IX: 33 till المشركون ,al-Mansuriyah
150140,margin 1: .... بالمنصورية سنة,margin 1: Qur’ān IX: 33 till المشركون ,al-Mansuriyah
150141,margin 1:  بالمنصورية) سنة),margin 1: Qur’ān IX: 33 till المشركون ,(al-Mansuriyah)
150142,margin 1: heavily clipped     ,margin: Qur’ān IX: 33 till المشركون ,m.
150144,margin 1:  بالمنصورية سنة ثمان واربعمائة,margin 1: Qur’ān IX: 33 till المشركون ,al-Mansuriyah
150145,margin 1: heavily clipped     ,margin: Qur’ān IX: 33 till المشركون ,m.
150146,margin 1:سنة ست واربعمائة (بالمنصورية) ,margin 1: Qur’ān IX: 33 till المشركون ,(al-Mansuriyah)
150147,margin 1:  بمصر سنة اربع وتسعين وثلثمائة,margin 1: Qur’ān IX: 33 till المشركون,Misr
150148,margin 1:   سنة سبع عشر واربعمائة …,margin 1: Qur’ān IX: 33 till المشركون  ,m.
150149,margin 1:  بالمنصورية سنة ثمنية عشر واربعمائة,margin 1: Qur’ān IX: 33 till المشركون  ,al-Mansuriyah
150150,margin 1:  بمصر سنة احدى واربعمائة,margin 1: Qur’ān IX: 33 till المشركون,Misr
150200,margin 1:  بمصر سنة اربعمائة,margin 1: Qur’ān IX: 33 till المشركون,Misr
150201,margin 1:  بالمنصورية سنة خمس؟ واربعمائة,margin 1: Qur’ān IX: 33 till المشركون ,al-Mansuriyah
150205,margin 1:  بمصر سنة ست وتسعين وثلثمائة,margin 1: Qur’ān IX: 33 till المشركون,Misr
150208,margin 1:  ببرقة سنة اربع وتسعين وثلث مائة  ,margin 1: Qur’ān IX: 33 till المشركون  ,Barqa
150210,margin 1:  بالمنصورية سنة خمس واربعمائة,margin 1: Qur’ān IX: 33 till المشركون ,al-Mansuriyah
150211,margin 1:  بمصر سنة سبع وثمانين وثلث مائة,margin 1: Qur’ān IX: 33 till المشركون,Misr
150213,margin 1: .... بالمنصورية سنة,margin 1: Qur’ān IX: 33 till المشركون ,al-Mansuriyah
150216,margin 1:  بمصر سنة تسع وتسعين وثلثمائة,margin 1: Qur’ān IX: 33 till المشركون,Misr
150225,margin 1:  باطرابلس سنة ست واربعمائة,margin 1: Qur’ān IX: 33 till الدين  ,Atarablus
150228,margin 1:  بطبرية سنة اربع وتسعين وثلثمائة,margin 1: Qur’ān IX: 33 till المشركون,Tabariyyah
150233,margin 1: ... بالمنصورية سنة تسع وتسعين ,margin 1: Qur’ān IX: 33 till المشركون,al-Mansuriyah
150236,margin 1:  بالمهدية سنة اربع واربعمائة,margin 1: Qur’ān IX: 33 till المشركون,al-Mahdiyah
150254,margin 1:  بالمنصورية سنة اربع واربعمائة,margin 1: Qur’ān IX: 33 till المشركون,al-Mansuriyah
150264,margin 1:  بالمنصورية سنة احدى واربعمائة,margin 1: Qur’ān IX: 33 till المشركون,al-Mansuriyah
150265,margin 1: heavily clipped   ,margin 1: heavily clipped   ,m.
150269,margin 1:  بالمهدية سنة خمس واربعمائة,margin 1: Qur’ān IX: 33 till المشركون,al-Mahdiyah
150292,margin 1:  بالمنصورية سنة احدى واربعمائة,margin 1: Qur’ān IX: 33 till المشركون,al-Mansuriyah
150317,margin: worn,margin: Qur’ān IX: 33 till المشركون ,m.
150321,margin 1:  بالمنصورية سنة سبع واربعمائة,margin 1: Qur’ān IX: 33 till المشركون,al-Mansuriyah
150369,margin 1: ...بالمنصورية سنة اربع وتسعين,margin 1: Qur’ān IX: 33 till المشركون,al-Mansuriyah
150384,margin 1:  .... بالمهدية سنة ثلث وتسعـ,margin 1: Qur’ān IX: 33 till المشركون,al-Mahdiyah
150390,margin 1:  بالمنصورية سنة ست وتسعين وثلثمائة,margin 1: Qur’ān IX: 33 till المشركون,al-Mansuriyah
150393,margin 1: heavily clipped   ,margin 1: heavily clipped   ,m.
150410,margin 1: heavily clipped   ,margin 1: heavily clipped   ,m.
150423,margin 1: heavily clipped   ,margin 1: heavily clipped   ,m.
150424,margin 1:  بالمهدية سنة احدى وتسعـين وثلثمائة,margin 1: Qur’ān IX: 33 till المشركون,al-Mahdiyah
150443,margin 1:  بالمهدية سنة اربع وتسعين وثلث مائة,margin 1: Qur’ān IX: 33 till المشركون,al-Mahdiyah
150480,margin 1:  بالمنصورية سنة اربع وتسعين وثلثمائة,margin 1: Qur’ān IX: 33 till المشركون,al-Mansuriyah
150502,margin 1: heavily clipped   ,margin 1: heavily clipped   ,m.
150539,margin 1: .... بالمنصورية سنة,margin 1: Qur’ān IX: 33 till المشركون,al-Mansuriyah
150571,margin 1:  ... واربعمائة,margin 1: heavily clipped   ,m.
150600,margin 1:  بالمهدية سنة ست واربعمائة,margin 1: Qur’ān IX: 33 till المشركون,al-Mahdiyah
150659,margin 1:  بمصر سنة ثمان وثمانين وثلث مائة,margin 1: Qur’ān IX: 33 till المشركون,Misr
150734,margin 1:  بمصر سنة ثمان وتسعين وثلثمائة,margin 1: Qur’ān IX: 33 till المشركون,Misr
150735,margin 1:  بمصر سنة ثلث وتسعين وثلثمائة,margin 1: Qur’ān IX: 33 till المشركون,Misr
150736,margin: worn,margin: Qur’ān IX: 33 till المشركون ,m.
150737,margin: سنة خمس وتسعين وثلثمائة ...,margin: Qur’ān IX: 33 till المشركون ,al-Mansuriyah?
150738,margin 1:سنة ست واربعمائة (بالمنصورية) ,margin 1: Qur’ān IX: 33 till المشركون ,(al-Mansuriyah)
150739,margin 1:  بمصر سنة تسع وثمانين وثلث مائة,margin 1: Qur’ān IX: 33 till المشركون,Misr
150740,margin: worn,margin: Qur’ān IX: 33 till المشركون ,m.
150741,margin 1:  بفلسطين سنة سبع؟ وثمانين وثلثمائة,margin 1: Qur’ān IX: 33 till المشركون,Filastin
150742,margin 1:  بمصر سنة اربعمائة,margin 1: Qur’ān IX: 33 till المشركون,Misr
150743,margin 1:  بمصر سنة ست وثمانين وثلثمائة,margin 1: Qur’ān IX: 33 till المشركون,Misr
150744,margin 1: .... بالمنصورية سنة,margin 1: Qur’ān IX: 33 till المشركون  ,al-Mansuriyah
150745,margin: worn,margin: Qur’ān IX: 33 till المشركون ,al-Mansuriyah?
150746,margin 1: بالمنصورية سنة ست؟ واربعمائة,margin: Qur’ān IX: 33 till المشركون ,al-Mansuriyah
150747,margin 1: heavily clipped   ,margin 1: heavily clipped   ,m.
150748,margin: worn,margin: Qur’ān IX: 33 till المشركون ,al-Mansuriyah?
150749,margin: worn,margin: Qur’ān IX: 33 till المشركون ,al-Mansuriyah?
150750,margin 1:  بالمنصورية سنة اربع واربعمائة,margin 1: Qur’ān IX: 33 till المشركون,al-Mansuriyah
150751,margin 1:  بمصر سنة ست وتسعين وثلثمائة,margin 1: Qur’ān IX: 33 till المشركون,Misr
150752,margin: worn,margin: Qur’ān IX: 33 till المشركون ,al-Mansuriyah?
150753,margin 1:  بمصر سنة اربع وتسعين وثلثمائة,margin 1: Qur’ān IX: 33 till المشركون,Misr
150754,margin 1:  ...واربعمائة,margin: Qur’ān IX: 33 till المشركون ,(al-Mansuriyah)
150755,margin 1:  بفلسطين سنة سبع؟ وثمانين وثلثمائة,margin: Qur’ān IX: 33 till المشركون  ,Filastin
150756,margin 1:  بمصر سنة اثنين وتسعين وثلث مائة,margin 1: Qur’ān IX: 33 till المشركون,Misr
150757,margin 1:  بالمنصورية سنة ثلث واربعمائة,margin 1: Qur’ān IX: 33 till المشركون,al-Mansuriyah
150758,margin 1:  بمصر سنة اربعمائة,margin 1: Qur’ān IX: 33 till المشركون,Misr
150759,margin:  بالمنصورية  سنة خمس وتسعين وثلثمائة,margin: Qur’ān IX: 33 till المشركون ,al-Mansuriyah
150760,margin 1:  بمصر سنة احدى وتسعين وثلث مائة,margin 1: Qur’ān IX: 33 till المشركون,Misr
150761,margin 1:  بمصر سنة احدى وتسعين وثلث مائة,margin 1: Qur’ān IX: 33 till المشركون,Misr
150762,margin 1:... بالمنصورية ,margin: Qur’ān IX: 33 till المشركون ,al-Mansuriyah
150763,margin 1: heavily clipped,margin: Qur’ān IX: 33 till المشركون ,(Atarablus)
150764,margin 1:  بمصر سنة ثلث وتسعين وثلثمائة,margin 1: Qur’ān IX: 33 till المشركون,Misr
150765,margin 1:  بمصر سنة تسعين وثلث مائة,margin 1: Qur’ān IX: 33 till المشركون,Misr
150766,margin: heavily clipped,margin: Qur’ān IX: 33 till المشركون ,al-Mansuriyah?
150767,margin 1:  بمصر سنة ثمان وتسعين وثلثمائة,margin 1: Qur’ān IX: 33 till المشركون,Misr
150768,margin 1:  بمصر سنة اربع وتسعين وثلثمائة,margin 1: Qur’ān IX: 33 till المشركون,Misr
150769,margin: heavily clipped,margin: Qur’ān IX: 33 till المشركون ,al-Mansuriyah?
150770,margin 1: .... بالمهدية سنة,margin 1: Qur’ān IX: 33 till المشركون,al-Mahdiyah
150771,margin 1:  بمصر سنة خمس وتسعين وثلثمائة,margin 1: Qur’ān IX: 33 till المشركون,Misr
150772,margin 1:... بالمنصورية ,margin: Qur’ān IX: 33 till المشركون ,al-Mansuriyah
150773,margin 1:  بمصر سنة احدى وتسعين وثلث مائة,margin 1: Qur’ān IX: 33 till المشركون,Misr
150774,margin 1:... بالمنصورية ,margin: Qur’ān IX: 33 till المشركون ,al-Mansuriyah
150775,margin 1:... بالمنصورية ,margin: Qur’ān IX: 33 till المشركون ,al-Mansuriyah
150776,margin 1:  بمصر سنة تسع وثمانين وثلث مائة,margin 1: Qur’ān IX: 33 till المشركون,Misr
150777,margin 1:... بالمنصورية ,margin: Qur’ān IX: 33 till المشركون ,al-Mansuriyah
150778,margin 1:  بمكة سنة اربع وتسعين وثلثمائة,margin 1: Qur’ān IX: 33 till المشركون,Makka
150779,margin 1:... بالمنصورية ,margin: Qur’ān IX: 33 till المشركون ,al-Mansuriyah
150780,margin 1: .... بالمهدية سنة,margin 1: Qur’ān IX: 33 till المشركون,al-Mahdiyah
150781,margin 1: ...  بمصر سنة ,margin 1: Qur’ān IX: 33 till المشركون,Misr
150782,margin 1:  بالمنصورية سنة سبع وتسعين وثلثمائة,margin 1: Qur’ān IX: 33 till المشركون,al-Mansuriyah
150783,margin 1:  بالمنصورية سنة ثمان وثمانين وثلثمائة,margin 1: Qur’ān IX: 33 till المشركون,al-Mansuriyah
150784,margin 1:  بمصر سنة تسع وتسعين وثلثمائة,margin 1: Qur’ān IX: 33 till المشركون,Misr
150785,margin 1:... بالمنصورية ,margin: Qur’ān IX: 33 till المشركون ,al-Mansuriyah
150786,margin 1:  بالمهدية سنة تسع وتسعـين وثلثمائة,margin 1: Qur’ān IX: 33 till المشركون,al-Mahdiyah
150787,margin 1:... بالمنصورية ,margin: Qur’ān IX: 33 till المشركون ,al-Mansuriyah
150788,margin 1:  بالمنصورية سنة تسع وتسعين وثلثمائة,margin 1: Qur’ān IX: 33 till المشركون,al-Mansuriyah
150789,margin 1:... بالمنصورية ,margin: Qur’ān IX: 33 till المشركون ,al-Mansuriyah
150790,margin 1:... بالمنصورية ,margin: Qur’ān IX: 33 till المشركون ,al-Mansuriyah
150791,margin 1:  بالمنصورية سنة ثمان وتسعين وثلثمائة,margin 1: Qur’ān IX: 33 till المشركون,al-Mansuriyah
150792,margin 1:  باطرابلس سنة  احد عشر واربعمائة,margin: Qur’ān IX: 33 till المشركون ,Atarablus
150793,margin 1:... بالمنصورية ,margin: Qur’ān IX: 33 till المشركون ,al-Mansuriyah
150794,margin 1:... بالمنصورية ,margin: Qur’ān IX: 33 till المشركون ,al-Mansuriyah
150795,margin 1:  بالمنصورية سنة احدى واربعمائة,margin 1: Qur’ān IX: 33 till المشركون,al-Mansuriyah
150796,margin 1:  بمصر سنة تسعين وثلث مائة,margin 1: Qur’ān IX: 33 till المشركون,Misr
150797,margin 1:  بمصر سنة تسعين وثلث مائة,margin 1: Qur’ān IX: 33 till المشركون,Misr
150798,margin 1: ...  بمصر سنة ,margin 1: Qur’ān IX: 33 till المشركون,Misr
150799,margin 1:  بالمنصورية سنة تسع وثمانين وثلثمائة,margin 1: Qur’ān IX: 33 till المشركون,al-Mansuriyah
150800,margin 1:  بمصر سنة خمس وتسعين وثلثمائة,margin 1: Qur’ān IX: 33 till المشركون,Misr
150801,margin 1:... بالمنصورية ,margin: Qur’ān IX: 33 till المشركون ,al-Mansuriyah
150802,margin 1:... بالمنصورية ,margin: Qur’ān IX: 33 till المشركون ,al-Mansuriyah
150803,margin 1:... بالمنصورية ,margin: Qur’ān IX: 33 till المشركون ,al-Mansuriyah
150804,margin 1:  بمصر سنة تسع وتسعين وثلثمائة,margin 1: Qur’ān IX: 33 till المشركون,Misr
150805,margin 1:  بمصر سنة خمس وتسعين وثلثمائة,margin 1: Qur’ān IX: 33 till المشركون,Misr
150806,margin 1:  بمصر سنة ست وتسعين وثلثمائة,margin 1: Qur’ān IX: 33 till المشركون,Misr
150807,margin 1:  بالقاهرة المحروسة سنة اربع وتسعين وثلثمائة,margin 1: Qur’ān IX: 33 till المشركون,al-Qahirah al-Mahrusah
150808,margin 1:  بمصر سنة تسع وتسعين وثلثمائة,margin 1: Qur’ān IX: 33 till المشركون,Misr
150809,margin 1:  بمصر سنة اربع وتسعين وثلثمائة,margin 1: Qur’ān IX: 33 till المشركون,Misr
150810,margin 1:... بالمنصورية ,margin: Qur’ān IX: 33 till المشركون ,al-Mansuriyah
150811,margin 1:  بالمنصورية سنة اربع واربعمائة,margin 1: Qur’ān IX: 33 till المشركون,al-Mansuriyah
150812,margin 1:  بالمنصورية سنة احدى وتسعين وثلثمائة,margin 1: Qur’ān IX: 33 till المشركون,al-Mansuriyah
150813,margin 1:  بمصر سنة تسع وثمانين وثلث مائة,margin 1: Qur’ān IX: 33 till المشركون,Misr
150814,margin 1:  بالمنصورية سنة اربعمائة,margin 1: Qur’ān IX: 33 till المشركون  ,al-Mansuriyah
150815,margin 1:  بالمنصورية سنة احدى واربعمائة,margin 1: Qur’ān IX: 33 till المشركون  ,al-Mansuriyah
150816,margin 1:  بفلسطين سنة سبع وثمانين وثلثمائة,margin 1: Qur’ān IX: 33 till المشركون,Filastin
150817,margin 1:  بالمنصورية سنة ثمان وثمانين وثلثمائة,margin 1: Qur’ān IX: 33 till المشركون,al-Mansuriyah
150818,margin 1:  بمصر سنة اربع وتسعين وثلثمائة,margin 1: Qur’ān IX: 33 till المشركون,Misr
150819,margin 1:  بالمنصورية سنة احدى واربعمائة,margin 1: Qur’ān IX: 33 till المشركون  ,al-Mansuriyah
150820,margin 1:... بالمنصورية ,margin: Qur’ān IX: 33 till المشركون ,al-Mansuriyah
150821,margin 1: بالمنصورية سنة ست؟ واربعمائة,margin: Qur’ān IX: 33 till المشركون ,al-Mansuriyah
150822,margin 1: بالمنصورية؟ ...,margin: Qur’ān IX: 33 till المشركون ,al-Mansuriyah?
150823,margin 1: بالقاهرة المحروسة]  سنة اربع وتسعين وثلثمائة]  ,margin 1: Qur’ān IX: 33 till المشركون,(al-Qahirah al-Mahrusah)
150824,margin: worn,margin: Qur’ān IX: 33 till المشركون ,m.
150825,margin 1:  بالمنصورية) سنة سبع واربعمائة),margin 1: Qur’ān IX: 33 till المشركون,(al-Mansuriyah)
150826,margin 1:  بمصر سنة تسع وتسعين وثلثمائة,margin 1: Qur’ān IX: 33 till المشركون,Misr
150827,margin 1:  بالمنصورية سنة اربع وتسعين وثلثمائة,margin 1: Qur’ān IX: 33 till المشركون  ,al-Mansuriyah
150828,margin 1:... بالمنصورية ,margin: Qur’ān IX: 33 till المشركون ,al-Mansuriyah
150829,margin 1:  بمصر سنة اربع وتسعين وثلثمائة,margin 1: Qur’ān IX: 33 till المشركون,Misr
150830,margin 1:  missing,margin: Qur’ān IX: 33 till المشركون ,m.
150831,margin: worn,margin: Qur’ān IX: 33 till المشركون ,m.
150832,margin: worn,margin: Qur’ān IX: 33 till المشركون ,m.
150833,margin 1:  بمصر سنة ثلث وتسعين وثلثمائة,margin 1: Qur’ān IX: 33 till المشركون,Misr
150834,margin 1:... بالمنصورية ,margin: Qur’ān IX: 33 till المشركون ,al-Mansuriyah
150835,margin 1:  بمصر سنة خمس وتسعين وثلثمائة,margin 1: Qur’ān IX: 33 till المشركون,Misr
150836,margin 1:  بالمنصورية سنة ثمان وتسعين وثلثمائة,margin 1: Qur’ān IX: 33 till المشركون  ,al-Mansuriyah
150837,margin 1:  بالمنصورية سنة ثمان وتسعين وثلثمائة,margin 1: Qur’ān IX: 33 till المشركون  ,al-Mansuriyah
150838,margin 1:  بمصر سنة ست وتسعين وثلثمائة,margin 1: Qur’ān IX: 33 till المشركون,Misr
150839,margin 1:  بمصر سنة احدى وتسعين وثلث مائة,margin 1: Qur’ān IX: 33 till المشركون,Misr
150840,margin 1:  بمصر سنة تسع وتسعين وثلثمائة,margin 1: Qur’ān IX: 33 till المشركون,Misr
150841,margin 1:  بمصر سنة تسع وتسعين وثلثمائة,margin 1: Qur’ān IX: 33 till المشركون,Misr
150842,margin: worn,margin: Qur’ān IX: 33 till المشركون ,m.
150843,margin 1:... بالمنصورية ,margin: Qur’ān IX: 33 till المشركون ,al-Mansuriyah
150844,margin 1:... بالمنصورية ,margin: Qur’ān IX: 33 till المشركون ,al-Mansuriyah
150845,margin: worn,margin: Qur’ān IX: 33 till المشركون ,m.
150846,margin: worn,margin: Qur’ān IX: 33 till المشركون ,m.
150847,margin 1:  بمصر سنة ست وتسعين وثلثمائة,margin 1: Qur’ān IX: 33 till المشركون,Misr
150848,margin 1:  بمصر سنة خمس وتسعين وثلثمائة,margin 1: Qur’ān IX: 33 till المشركون,Misr
150849,margin 1:  بمصر سنة ثلث وتسعين وثلثمائة,margin 1: Qur’ān IX: 33 till المشركون,Misr
150850,margin 1:  بمصر سنة اربعمائة,margin 1: Qur’ān IX: 33 till المشركون,Misr
150851,margin 1:  بمصر سنة تسع وثمانين وثلث مائة,margin 1: Qur’ān IX: 33 till المشركون,Misr
150852,margin 1:... بالمنصورية ,margin: Qur’ān IX: 33 till المشركون ,al-Mansuriyah
150853,margin 1:  بالمنصورية سنة ثلث واربعمائة,margin 1: Qur’ān IX: 33 till المشركون,al-Mansuriyah
150854,margin 1:... بالمنصورية ,margin: Qur’ān IX: 33 till المشركون ,al-Mansuriyah
150855,margin 1:  بمصر سنة اربع وتسعين وثلثمائة,margin 1: Qur’ān IX: 33 till المشركون,Misr
150856,margin 1:  بمكة سنة تسع وثمانين وثلثمائة,margin 1: Qur’ān IX: 33 till المشركون,Makka
150857,margin 1:  بمصر سنة تسع وثمانين وثلث مائة,margin 1: Qur’ān IX: 33 till المشركون,Misr
150858,margin 1:... بالمنصورية ,margin: Qur’ān IX: 33 till المشركون ,al-Mansuriyah
150859,margin 1:  بالمنصورية سنة نسع واربعمائة,margin 1: Qur’ān IX: 33 till المشركون,al-Mansuriyah
150860,margin 1:  بالمنصورية سنة نسع واربعمائة,margin 1: Qur’ān IX: 33 till المشركون,al-Mansuriyah
150861,margin 1:  بالمهدية سنة خمس واربعمائة,margin 1: Qur’ān IX: 33 till المشركون,al-Mahdiyah
150862,margin 1:... بالمنصورية ,margin: Qur’ān IX: 33 till المشركون ,al-Mansuriyah
150863,margin 1:... بالمنصورية ,margin: Qur’ān IX: 33 till المشركون ,al-Mansuriyah
150864,margin 1:... بالمنصورية ,margin: Qur’ān IX: 33 till المشركون ,al-Mansuriyah
150865,margin 1:... بالمنصورية ,margin: Qur’ān IX: 33 till المشركون ,al-Mansuriyah
150866,margin: worn,margin: Qur’ān IX: 33 till المشركون ,al-Mansuriyah
150867,margin: worn,margin: Qur’ān IX: 33 till المشركون ,m.
150868,margin: worn,margin: Qur’ān IX: 33 till المشركون ,m.
150869,margin: worn,margin: Qur’ān IX: 33 till المشركون ,m.
150870,margin 1:  بالمنصورية سنة اربع واربعمائة,margin 1: Qur’ān IX: 33 till المشركون,al-Mansuriyah
150871,margin 1:  بمصر سنة ست وتسعين وثلثمائة,margin 1: Qur’ān IX: 33 till المشركون,Misr
150872,margin 1:... بالمنصورية ,margin: Qur’ān IX: 33 till المشركون ,al-Mansuriyah
150873,margin 1:  بالمنصورية سنة اربعمائة,margin 1: Qur’ān IX: 33 till المشركون  ,al-Mansuriyah
150874,margin 1:  بمصر سنة ثمان وتسعين وثلثمائة,margin 1: Qur’ān IX: 33 till المشركون,Misr
150875,margin: worn,margin: Qur’ān IX: 33 till المشركون ,m.
150876,margin 1:  بمصر سنة تسع وتسعين وثلثمائة,margin 1: Qur’ān IX: 33 till المشركون,Misr
150877,margin 1:  بمصر سنة ست وتسعين وثلثمائة,margin 1: Qur’ān IX: 33 till المشركون,Misr
150878,margin 1:  بمصر سنة سبع وثمانين وثلث مائة,margin 1: Qur’ān IX: 33 till المشركون,Misr
150879,margin 1:  بالمنصورية سنة سبع واربعمائة,margin 1: Qur’ān IX: 33 till المشركون ,al-Mansuriyah
150880,margin 1:  بالقاهرة المحروسة سنة اربع وتسعين وثلثمائة,margin 1: Qur’ān IX: 33 till المشركون,al-Qahirah al-Mahrusah
150881,margin 1: heavily clipped   ,margin 1: heavily clipped   ,m.
150882,margin 1:  بالقاهرة المحروسة سنة اربع وتسعين وثلثمائة,margin 1: Qur’ān IX: 33 till المشركون,al-Qahirah al-Mahrusah
150883,margin 1:  بالمنصورية سنة ثلث واربعمائة,margin 1: Qur’ān IX: 33 till المشركون,al-Mansuriyah
150884,margin 1: heavily clipped   ,margin 1: heavily clipped   ,m.
150885,margin 1: heavily clipped   ,margin 1: heavily clipped   ,m.
150886,margin 1: .... بالمهدية سنة,margin 1: Qur’ān IX: 33 till المشركون,al-Mahdiyah
150887,margin 1:  بمصر سنة اربعمائة,margin 1: Qur’ān IX: 33 till المشركون,Misr
150888,margin 1: heavily clipped   ,margin 1: heavily clipped   ,m.
150889,margin 1:  بالمنصورية سنة ... وثمانين وثلثمائة,margin 1: Qur’ān IX: 33 till المشركون,al-Mansuriyah
150890,margin 1:  بالمهدية سنة احدى وتسعـين وثلثمائة,margin 1: Qur’ān IX: 33 till المشركون,al-Mahdiyah
150891,margin 1:  بالمنصورية سنة اربع وتسعين وثلثمائة,margin 1: Qur’ān IX: 33 till المشركون,al-Mansuriyah
150892,margin 1:  بمصر سنة ثمان وتسعين وثلثمائة,margin 1: Qur’ān IX: 33 till المشركون,Misr
150893,margin 1:  بمصر سنة خمس وتسعين وثلثمائة,margin 1: Qur’ān IX: 33 till المشركون,Misr
150894,margin 1:  بالمهدية سنة اثنين واربعمائة,margin 1: Qur’ān IX: 33 till المشركون,al-Mahdiyah
150895,margin 1: .... بالمنصورية سنة,margin 1: Qur’ān IX: 33 till المشركون,al-Mansuriyah
150896,margin 1:  بمصر سنة خمس وتسعين وثلثمائة,margin 1: Qur’ān IX: 33 till المشركون,Misr
150897,margin 1:  بمصر سنة تسع وثمانين وثلث مائة,margin 1: Qur’ān IX: 33 till المشركون,Misr
150898,margin 1: heavily clipped   ,margin 1: heavily clipped   ,uncertain
150899,margin 1:  بمصر سنة ثمان وثمانين وثلث مائة,margin 1: Qur’ān IX: 33 till المشركون,Misr
150900,margin 1:  بمصر سنة تسع وتسعين وثلثمائة,margin 1: Qur’ān IX: 33 till المشركون,Misr
150901,margin 1:  بمصر سنة اربعمائة,margin 1: Qur’ān IX: 33 till المشركون,Misr
150902,margin 1:  بمصر سنة اثنين وتسعين وثلث مائة,margin 1: Qur’ān IX: 33 till المشركون,Misr
150903,margin 1: .... بالمنصورية سنة,margin 1: Qur’ān IX: 33 till المشركون,al-Mansuriyah
150904,margin 1:  بالمنصورية سنة اربع واربعمائة,margin 1: Qur’ān IX: 33 till المشركون,al-Mansuriyah
150905,margin 1:  بالمنصورية سنة احدى واربعمائة,margin 1: Qur’ān IX: 33 till المشركون,al-Mansuriyah
150906,margin 1: heavily clipped   ,margin 1: heavily clipped   ,uncertain
150907,margin 1: heavily clipped   ,margin 1: heavily clipped   ,m.
150908,margin 1:  بالمنصورية سنة سبع وثمانين وثلثمائة,margin 1: Qur’ān IX: 33 till المشركون,al-Mansuriyah
150909,margin 1:  بالمنصورية سنة سبع وثمانين وثلثمائة,margin 1: Qur’ān IX: 33 till المشركون,al-Mansuriyah
150912,margin 1:  بمصر سنة اربعمائة,margin 1: Qur’ān IX: 33 till المشركون,Misr
150913,margin 1: heavily clipped   ,margin 1: heavily clipped   ,m.
150914,margin 1: heavily clipped   ,margin 1: heavily clipped   ,m.
150915,margin 1:  بالمنصورية سنة احدى واربعمائة,margin 1: Qur’ān IX: 33 till المشركون,al-Mansuriyah
150916,margin 1: heavily clipped   ,margin 1: heavily clipped   ,uncertain
150917,margin 1:  بمصر سنة اربع وتسعين وثلثمائة,margin 1: Qur’ān IX: 33 till المشركون,Misr
150918,margin 1:  بمصر سنة اربعمائة,margin 1: Qur’ān IX: 33 till المشركون,Misr
150919,margin 1:  بالمنصورية سنة سبع واربعمائة,margin 1: Qur’ān IX: 33 till المشركون,al-Mansuriyah
150920,margin 1: heavily clipped   ,margin 1: heavily clipped   ,m.
150921,margin 1: .... بالمهدية سنة,margin 1: Qur’ān IX: 33 till المشركون,al-Mahdiyah
150922,margin 1:  بمصر سنة تسع وثمانين وثلث مائة,margin 1: Qur’ān IX: 33 till المشركون,Misr
150923,margin 1:  بالمنصورية سنة سبع واربعمائة,margin 1: Qur’ān IX: 33 till المشركون,al-Mansuriyah
150924,margin 1: .... بالمهدية سنة,margin 1: Qur’ān IX: 33 till المشركون,al-Mahdiyah
150925,margin 1: .... بالمنصورية سنة,margin 1: Qur’ān IX: 33 till المشركون,al-Mansuriyah
150926,margin 1:  بمصر سنة احدى واربعمائة,margin 1: Qur’ān IX: 33 till المشركون,Misr
150927,margin 1:  بمصر سنة اربعمائة,margin 1: Qur’ān IX: 33 till المشركون,Misr
150928,margin 1:  بمصر سنة سبع وثمانين وثلث مائة,margin 1: Qur’ān IX: 33 till المشركون,Misr
150929,margin 1:  بمصر سنة تسع وتسعين وثلثمائة,margin 1: Qur’ān IX: 33 till المشركون,Misr
150930,margin 1:  بالمنصورية سنة تسع وثمانين وثلثمائة,margin 1: Qur’ān IX: 33 till المشركون,al-Mansuriyah
150931,margin 1:  بمصر سنة ثلث وتسعين وثلثمائة,margin 1: Qur’ān IX: 33 till المشركون,Misr
150932,margin 1:  بمصر سنة احدى وتسعين وثلثمائة,margin 1: Qur’ān IX: 33 till المشركون,Misr
150933,margin 1:  بمصر سنة ست وتسعين وثلثمائة,margin 1: Qur’ān IX: 33 till المشركون,Misr
150934,margin 1:  بالمهدية سنة...   واربعمائة,margin 1: Qur’ān IX: 33 till المشركون,al-Mahdiyah
150935,margin 1:  بمصر سنة ست وتسعين وثلثمائة,margin 1: Qur’ān IX: 33 till المشركون,Misr
150936,margin 1:  بصور سنة خمس واربعمائة,margin 1: Qur’ān IX: 33 till المشركون,Sur
150937,margin 1:  بفلسطين سنة احدى واربعمائة,margin 1: Qur’ān IX: 33 till المشركون,Filastin
150938,margin 1:  worn  ,margin 1:  worn  ,uncertain
150939,margin 1:  بمصر سنة اربعمائة,margin 1: Qur’ān IX: 33 till المشركون,Misr
150941,margin 1:  بمصر سنة اربعمائة,margin 1: Qur’ān IX: 33 till المشركون,Misr
150942,margin 1:  بمصر سنة ثلث وتسعين وثلثمائة,margin 1: Qur’ān IX: 33 till المشركون,Misr
150943,margin 1: .... بالمنصورية سنة,margin 1: Qur’ān IX: 33 till المشركون,al-Mansuriyah
150944,margin 1:  بالمهدية سنة سبع وتسعـين وثلثمائة,margin 1: Qur’ān IX: 33 till المشركون,al-Mahdiyah
150945,margin 1:  بمصر سنة تسع وثمانين وثلث مائة,margin 1: Qur’ān IX: 33 till المشركون,Misr
150946,margin 1:  بمصر سنة ست وتسعين وثلثمائة,margin 1: Qur’ān IX: 33 till المشركون,Misr
150947,margin 1:  بمصر سنة ثمان وثمانين وثلث مائة,margin 1: Qur’ān IX: 33 till المشركون,Misr
150948,margin 1:  بالمنصورية سنة ست وتسعين وثلثمائة,margin 1: Qur’ān IX: 33 till المشركون,al-Mansuriyah
150949,margin 1:  بمصر سنة احدى وتسعين وثلثمائة,margin 1: Qur’ān IX: 33 till المشركون,Misr
150950,margin 1: heavily clipped   ,margin 1: heavily clipped   ,m.
150951,margin 1: .... بالمنصورية سنة,margin 1: Qur’ān IX: 33 till المشركون,al-Mansuriyah
150952,margin 1:  سنة ست وأربعمائة,margin 1: Qur’ān IX: 33 till المشركون,m.
150953,margin 1:  بمصر سنة اربعمائة,margin 1: Qur’ān IX: 33 till المشركون,Misr
150954,margin 1: heavily clipped   ,margin 1: heavily clipped   ,m.
150955,margin 1:  بمصر سنة تسع وثمانين وثلث مائة,margin 1: Qur’ān IX: 33 till المشركون,Misr
150956,margin 1:  بمصر سنة احدى وتسعين وثلث مائة,margin 1: Qur’ān IX: 33 till المشركون,Misr
150957,margin 1:  بمصر سنة اثنين وتسعين وثلث مائة,margin 1: Qur’ān IX: 33 till المشركون,Misr
150958,margin 1:  بالمنصورية سنة تسع وتسعين وثلثمائة,margin 1: Qur’ān IX: 33 till المشركون,al-Mansuriyah
150959,margin 1:  بمصر سنة اربعمائة,margin 1: Qur’ān IX: 33 till المشركون,Misr
150960,margin 1: heavily clipped   ,margin 1: heavily clipped   ,m.
150961,margin 1: .... بالمنصورية سنة,margin 1: Qur’ān IX: 33 till المشركون,al-Mansuriyah
150962,margin 1:  بمصر سنة احدى وتسعين وثلث مائة,margin 1: Qur’ān IX: 33 till المشركون,Misr
150963,margin 1:  بمصر سنة تسعين وثلث مائة,margin 1: Qur’ān IX: 33 till المشركون,Misr
150964,margin 1:  بالمنصورية سنة خمس واربعمائة,margin 1: Qur’ān IX: 33 till المشركون,al-Mansuriyah
150965,margin 1:  بمصر سنة ست وتسعين وثلثمائة,margin 1: Qur’ān IX: 33 till المشركون,Misr
150966,margin 1:  بمصر سنة ثمان وثمانين وثلث مائة,margin 1: Qur’ān IX: 33 till المشركون,Misr
150967,margin 1: .... بالمنصورية سنة,margin 1: Qur’ān IX: 33 till المشركون,al-Mansuriyah
150968,margin 1: .... بالمنصورية سنة,margin 1: Qur’ān IX: 33 till المشركون,al-Mansuriyah
150969,margin 1:  بمصر سنة تسع وثمانين وثلث مائة,margin 1: Qur’ān IX: 33 till المشركون,Misr
150970,margin 1: .... بالمنصورية سنة,margin 1: Qur’ān IX: 33 till المشركون,al-Mansuriyah
150971,margin 1: heavily clipped   ,margin 1: heavily clipped   ,m.
150972,margin 1: heavily clipped   ,margin 1: heavily clipped   ,m.
150973,margin 1: heavily clipped   ,margin 1: heavily clipped   ,m.
150974,margin 1: .... بالمنصورية سنة,margin 1: Qur’ān IX: 33 till المشركون,al-Mansuriyah
150975,margin 1:  بالمنصورية سنة اربع وتسعين وثلثمائة,margin 1: Qur’ān IX: 33 till المشركون,al-Mansuriyah
150976,margin 1:  بمصر سنة احدى وتسعين وثلث مائة,margin 1: Qur’ān IX: 33 till المشركون,Misr
150977,margin 1: heavily clipped   ,margin 1: heavily clipped   ,m.
150978,margin 1: heavily clipped   ,margin 1: heavily clipped   ,m.
150979,margin 1: .... بالمهدية سنة,margin 1: Qur’ān IX: 33 till المشركون,al-Mahdiyah
150980,margin 1:  بمصر سنة تسع وتسعين وثلثمائة,margin 1: Qur’ān IX: 33 till المشركون,Misr
150981,margin 1:  بالمنصورية سنة تسع وثمانين وثلثمائة,margin 1: Qur’ān IX: 33 till المشركون,al-Mansuriyah
150982,margin 1:  بمصر سنة ثلث وتسعين وثلثمائة,margin 1: Qur’ān IX: 33 till المشركون,Misr
150983,margin 1: .... بالمنصورية سنة,margin 1: Qur’ān IX: 33 till المشركون,al-Mansuriyah
150984,margin 1:  بالمنصورية سنة اثنين واربعمائة,margin 1: Qur’ān IX: 33 till المشركون,al-Mansuriyah
150985,margin 1:  بالمنصورية سنة احدى وتسعين وثلثمائة,margin 1: Qur’ān IX: 33 till المشركون,al-Mansuriyah
150986,margin 1:  بالمنصورية سنة سبع واربعمائة,margin 1: Qur’ān IX: 33 till المشركون,al-Mansuriyah
150987,margin 1: .... بالمهدية سنة,margin 1: Qur’ān IX: 33 till المشركون,al-Mahdiyah
150988,margin 1:  بمصر سنة سبع وثمانين وثلث مائة,margin 1: Qur’ān IX: 33 till المشركون,Misr
150989,margin 1:  بفلسطين سنة سبع وثمانين وثلثمائة,margin 1: Qur’ān IX: 33 till المشركون,Filastin
150990,margin 1:  بالمنصورية سنة سبع واربعمائة,margin 1: Qur’ān IX: 33 till المشركون,al-Mansuriyah
150991,margin 1: heavily clipped   ,margin 1: heavily clipped   ,m.
150992,margin 1: heavily clipped   ,margin 1: heavily clipped   ,m.
150993,margin 1: heavily clipped   ,margin 1: heavily clipped   ,m.
150994,margin 1:  بالمنصورية سنة اربع وتسعين وثلثمائة,margin 1: Qur’ān IX: 33 till المشركون,al-Mansuriyah
150995,margin 1:  بمصر سنة سبع وثمانين وثلث مائة,margin 1: Qur’ān IX: 33 till المشركون,Misr
150996,margin 1:  بمصر سنة خمس وتسعين وثلثمائة,margin 1: Qur’ān IX: 33 till المشركون,Misr
150997,margin 1:  بالمنصورية سنة اربع وتسعين وثلثمائة,margin 1: Qur’ān IX: 33 till المشركون,al-Mansuriyah
150998,margin 1: .... بالمنصورية سنة,margin 1: Qur’ān IX: 33 till المشركون,al-Mansuriyah
150999,margin 1:  بمصر سنة تسع وثمانين وثلث مائة,margin 1: Qur’ān IX: 33 till المشركون,Misr
151000,margin 1:  بصور سنة تسعين وثلثمائة,margin 1: Qur’ān IX: 33 till المشركون,Sur
151001,margin 1: .... بالمنصورية سنة,margin 1: Qur’ān IX: 33 till المشركون,al-Mansuriyah
151002,margin 1:  بمصر سنة ست وتسعين وثلثمائة,margin 1: Qur’ān IX: 33 till المشركون,Misr
151003,margin 1:  بزويلة سنة اربع وتسعين وثلثمائة,margin 1: Qur’ān IX: 33 till المشركون,Zawilah
151004,margin 1:  بمصر سنة ثمان وتسعين وثلثمائة,margin 1: Qur’ān IX: 33 till المشركون,Misr
151005,margin 1:  بالمنصورية سنة خمس واربعمائة,margin 1: Qur’ān IX: 33 till المشركون,al-Mansuriyah
151006,margin 1:  بمصر سنة سبع وتسعين وثلثمائة,margin 1: Qur’ān IX: 33 till المشركون,Misr
151007,margin 1:  بمصر سنة سبع وثمانين وثلث مائة,margin 1: Qur’ān IX: 33 till المشركون,Misr
151008,margin 1:  بالمنصورية سنة ثلث واربعمائة,margin 1: Qur’ān IX: 33 till المشركون,al-Mansuriyah
151009,margin 1:  بمصر سنة اربعمائة,margin 1: Qur’ān IX: 33 till المشركون,Misr
151010,margin 1:  بالمهدية سنة سبع واربعمائة,margin 1: Qur’ān IX: 33 till المشركون,al-Mahdiyah
151011,margin 1:  بالمنصورية سنة اربع وثمانين وثلثمائة,margin 1: Qur’ān IX: 33 till المشركون,al-Mansuriyah
151012,margin 1: heavily clipped   ,margin 1: heavily clipped   ,m.
151013,margin 1: heavily clipped   ,margin 1: heavily clipped   ,m.
151014,margin 1:  بالمنصورية سنة سبع وتسعين وثلثمائة,margin 1: Qur’ān IX: 33 till المشركون,al-Mansuriyah
151015,margin 1: .... بالمنصورية سنة,margin 1: Qur’ān IX: 33 till المشركون,al-Mansuriyah
151016,margin 1: .... بالمنصورية سنة,margin 1: Qur’ān IX: 33 till المشركون,al-Mansuriyah
151017,margin 1:  بمصر سنة ست وتسعين وثلثمائة,margin 1: Qur’ān IX: 33 till المشركون,Misr
151018,margin 1:  بمصر سنة ثلث وثمانين وثلثمائة,margin 1: Qur’ān IX: 33 till المشركون,Misr
151019,margin 1:  بمصر سنة تسع و اربعمائة,margin 1: Qur’ān IX: 33 till المشركون,Misr
151020,margin 1: .... بالمنصورية سنة,margin 1: Qur’ān IX: 33 till المشركون,al-Mansuriyah
151021,margin 1:  بمصر سنة خمس و اربعمائة,margin 1: Qur’ān IX: 33 till المشركون,Misr
151022,margin 1:  بالمنصورية سنة تسع وتسعين وثلثمائة,margin 1: Qur’ān IX: 33 till المشركون,al-Mansuriyah
151023,margin 1:  بالمنصورية سنة ست وتسعين وثلثمائة,margin 1: Qur’ān IX: 33 till المشركون,al-Mansuriyah
151024,margin 1:  بمصر سنة تسع و اربعمائة,margin 1: Qur’ān IX: 33 till المشركون,Misr
151025,margin 1:  بمصر سنة ست وثمانين وثلثمائة,margin 1: Qur’ān IX: 33 till المشركون,Misr
151026,margin 1: .... بالمنصورية سنة,margin 1: Qur’ān IX: 33 till المشركون,al-Mansuriyah
151027,margin 1: heavily clipped   ,margin 1: heavily clipped   ,m.
151028,margin 1:  بمصر سنة اربعمائة,margin 1: Qur’ān IX: 33 till المشركون,Misr
151029,margin 1:  worn  ,margin 1:  worn  ,uncertain
151030,margin 1: heavily clipped   ,margin 1: heavily clipped   ,m.
151031,margin 1:  بالمنصورية سنة اربع وتسعين وثلثمائة,margin 1: Qur’ān IX: 33 till المشركون,al-Mansuriyah
151032,margin 1:  بالمنصورية سنة اربع واربعمائة,margin 1: Qur’ān IX: 33 till المشركون,al-Mansuriyah
151033,margin 1: heavily clipped   ,margin 1: heavily clipped   ,m.
151034,margin 1:  بمصر سنة سبع وثمانين وثلث مائة,margin 1: Qur’ān IX: 33 till المشركون,Misr
151035,margin 1:  بالمنصورية سنة اربع وتسعين وثلثمائة,margin 1: Qur’ān IX: 33 till المشركون,al-Mansuriyah
151036,margin 1:  بالمنصورية سنة اربع وثمانين وثلثمائة,margin 1: Qur’ān IX: 33 till المشركون,al-Mansuriyah
151037,margin 1:  بالمنصورية سنة سبع واربعمائة,margin 1: Qur’ān IX: 33 till المشركون,al-Mansuriyah
151038,margin 1:  بمصر سنة تسع و اربعمائة,margin 1: Qur’ān IX: 33 till المشركون,Misr
151039,margin 1: heavily clipped   ,margin 1: heavily clipped   ,m.
151040,margin 1:  بالمنصورية سنة سبع وتسعين وثلثمائة,margin 1: Qur’ān IX: 33 till المشركون,al-Mansuriyah
151041,margin 1:  بمصر سنة ثمان وثمانين وثلث مائة,margin 1: Qur’ān IX: 33 till المشركون,Misr
151042,margin 1:  بالمنصورية سنة سبع واربعمائة,margin 1: Qur’ān IX: 33 till المشركون,al-Mansuriyah
151043,margin 1:  بزويلة سنة اربع وتسعين وثلثمائة,margin 1: Qur’ān IX: 33 till المشركون,Zawilah
151044,margin 1:  بمصر سنة سبع و اربعمائة,margin 1: Qur’ān IX: 33 till المشركون,Misr
151045,margin 1:  بمصر سنة تسعين وثلثمائة,margin 1: Qur’ān IX: 33 till المشركون,Misr
151046,margin 1:  بالمنصورية سنة تسع وتسعين وثلثمائة,margin 1: Qur’ān IX: 33 till المشركون,al-Mansuriyah
151047,margin 1:  بالمنصورية سنة احدى واربعمائة,margin 1: Qur’ān IX: 33 till المشركون,al-Mansuriyah
151048,margin 1:  بمصر سنة ثلث وتسعين وثلثمائة,margin 1: Qur’ān IX: 33 till المشركون,Misr
151049,margin 1: heavily clipped   ,margin 1: heavily clipped   ,m.
151050,margin 1: heavily clipped   ,margin 1: heavily clipped   ,m.
151051,margin 1:  بالمنصورية سنة سبع وتسعين وثلثمائة,margin 1: Qur’ān IX: 33 till المشركون,al-Mansuriyah
151052,margin 1:  بالمنصورية سنة ثمان وتسعين وثلثمائة,margin 1: Qur’ān IX: 33 till المشركون,al-Mansuriyah
151054,margin 1:  بمصر سنة تسع و اربعمائة,margin 1: Qur’ān IX: 33 till المشركون,Misr
151055,margin 1:  بمصر سنة ثمان وثمانين وثلث مائة,margin 1: Qur’ān IX: 33 till المشركون,Misr
151056,margin 1:  بمصر سنة تسعين وثلثمائة,margin 1: Qur’ān IX: 33 till المشركون,Misr
151057,margin 1:  بالمنصورية سنة سبع واربعمائة,margin 1: Qur’ān IX: 33 till المشركون,al-Mansuriyah
151058,margin 1: heavily clipped   ,margin 1: heavily clipped   ,m.
151059,margin 1: .... بالمنصورية سنة,margin 1: Qur’ān IX: 33 till المشركون,al-Mansuriyah
151060,margin 1:  بمصر سنة ست وتسعين وثلثمائة,margin 1: Qur’ān IX: 33 till المشركون,Misr
151061,margin 1:   سنة ثمان وثمانين وثلث مائة,margin 1: Qur’ān IX: 33 till المشركون,m.
151062,margin 1:  بالمنصورية سنة احدى واربعمائة,margin 1: Qur’ān IX: 33 till المشركون,al-Mansuriyah
151063,margin 1: .... بالمنصورية سنة,margin 1: Qur’ān IX: 33 till المشركون,al-Mansuriyah
151064,margin 1:  بمصر سنة خمس و اربعمائة,margin 1: Qur’ān IX: 33 till المشركون,Misr
151065,margin 1: heavily clipped   ,margin 1: heavily clipped   ,m.
151066,margin 1:  بصور سنة خمس واربعمائة,margin 1: Qur’ān IX: 33 till المشركون,Sur
151067,margin 1:  بالمنصورية سنة ثمان واربعمائة,margin 1: Qur’ān IX: 33 till المشركون,al-Mansuriyah
151068,margin 1: .... بالمنصورية سنة,margin 1: Qur’ān IX: 33 till المشركون,al-Mansuriyah
151069,margin 1:  بمصر سنة تسع وثمانين وثلث مائة,margin 1: Qur’ān IX: 33 till المشركون,Misr
151070,margin 1:  بمصر سنة سبع وثمانين وثلث مائة,margin 1: Qur’ān IX: 33 till المشركون,Misr
151071,margin 1: .... بالمنصورية سنة,margin 1: Qur’ān IX: 33 till المشركون,al-Mansuriyah
151072,margin 1:  بمصر سنة ثلث وتسعين وثلثمائة,margin 1: Qur’ān IX: 33 till المشركون,Misr
151073,margin 1:  بمصر سنة احدى وتسعين وثلث مائة,margin 1: Qur’ān IX: 33 till المشركون,Misr
151074,margin 1: .... بالمنصورية سنة,margin 1: Qur’ān IX: 33 till المشركون,al-Mansuriyah
151075,margin 1: heavily clipped   ,margin 1: heavily clipped   ,m.
151076,margin 1: heavily clipped   ,margin 1: heavily clipped   ,m.
151077,margin 1:  بالمهدية سنة ثمان وثمانين وثلثمائة,margin 1: Qur’ān IX: 33 till المشركون,al-Mahdiyah
151078,margin 1:  بمصر سنة خمس وتسعين وثلثمائة,margin 1: Qur’ān IX: 33 till المشركون,Misr
151079,margin 1: .... بالمنصورية سنة,margin 1: Qur’ān IX: 33 till المشركون,al-Mansuriyah
151080,margin 1:  بمصر سنة اربعمائة,margin 1: Qur’ān IX: 33 till المشركون,Misr
151081,margin 1: ...  بمصر سنة ,margin 1: Qur’ān IX: 33 till المشركون,Misr
151082,margin 1: .... بالمنصورية سنة,margin 1: Qur’ān IX: 33 till المشركون,al-Mansuriyah
151083,margin 1:  بمصر سنة ثمان وثمانين وثلث مائة,margin 1: Qur’ān IX: 33 till المشركون,Misr
151084,margin 1:  بمصر سنة اربعمائة,margin 1: Qur’ān IX: 33 till المشركون,Misr
151085,margin 1:  سنة اثنين وثمانين ...,margin 1: heavily clipped   ,m.
151086,margin 1:   اربعمائة…,margin 1: heavily clipped   ,m.
151087,margin 1:  اربع واربعمائة …,margin 1: heavily clipped   ,m.
151088,margin 1:  بالمنصورية سنة تسع وتسعين وثلثمائة,margin 1: Qur’ān IX: 33 till المشركون,al-Mansuriyah
151089,margin 1:  بمصر سنة احدى واربعمائة,margin 1: Qur’ān IX: 33 till المشركون,Misr
151090,margin 1:  بالمنصورية سنة احدى واربعمائة,margin 1: Qur’ān IX: 33 till المشركون,al-Mansuriyah
151091,margin 1:  بالمنصورية سنة نسع واربعمائة,margin 1: Qur’ān IX: 33 till المشركون,al-Mansuriyah
151092,margin 1: .... بالمنصورية سنة,margin 1: Qur’ān IX: 33 till المشركون,al-Mansuriyah
151093,margin 1:  بمصر سنة ست وثمانين وثلثمائة,margin 1: Qur’ān IX: 33 till المشركون,Misr
151094,margin 1:  بمصر سنة اربعمائة,margin 1: Qur’ān IX: 33 till المشركون,Misr
151095,margin 1:  بمصر سنة سبع وتسعين وثلثمائة,margin 1: Qur’ān IX: 33 till المشركون,Misr
151096,margin 1:  بمصر سنة سبع وثمانين وثلث مائة,margin 1: Qur’ān IX: 33 till المشركون,Misr
151097,margin 1:  بمصر سنة اربع وتسعين وثلثمائة,margin 1: Qur’ān IX: 33 till المشركون,Misr
151098,margin 1: heavily clipped   ,margin 1: heavily clipped   ,m.
151099,margin 1: .... بالمهدية سنة,margin 1: Qur’ān IX: 33 till المشركون,al-Mahdiyah
151100,margin 1:  بمصر سنة ثمان وثمانين وثلث مائة,margin 1: Qur’ān IX: 33 till المشركون,Misr
151101,margin 1:  بمصر سنة تسع وثمانين وثلث مائة,margin 1: Qur’ān IX: 33 till المشركون,Misr
151102,margin 1:  بالمنصورية سنة سبع وثمانين وثلثمائة,margin 1: Qur’ān IX: 33 till المشركون,al-Mansuriyah
151103,margin 1:  بمصر سنة اربعمائة,margin 1: Qur’ān IX: 33 till المشركون,Misr
151104,margin 1:  بمصر سنة تسع و اربعمائة,margin 1: Qur’ān IX: 33 till المشركون,Misr
151105,margin 1:  بمصر سنة احدى وتسعين وثلثمائة,margin 1: Qur’ān IX: 33 till المشركون,Misr
151106,margin 1:  بالمنصورية سنة اربع وثمانين وثلثمائة,margin 1: Qur’ān IX: 33 till المشركون,al-Mansuriyah
151107,margin 1: heavily clipped   ,margin 1: heavily clipped   ,m.
151108,margin 1: heavily clipped   ,margin 1: heavily clipped   ,m.
151109,margin 1: heavily clipped   ,margin 1: heavily clipped   ,m.
151110,margin 1:  بمصر سنة اربع وتسعين وثلثمائة,margin 1: Qur’ān IX: 33 till المشركون,Misr
151111,margin 1: .... بالمهدية سنة خمس,margin 1: Qur’ān IX: 33 till المشركون,al-Mahdiyah
151112,margin 1:  بمصر سنة تسع وتسعين وثلثمائة,margin 1: Qur’ān IX: 33 till المشركون,Misr
151113,margin 1: heavily clipped   ,margin 1: heavily clipped   ,m.
151114,margin 1:  بالمنصورية سنة سبع وثمانين وثلثمائة,margin 1: Qur’ān IX: 33 till المشركون,al-Mansuriyah
151115,margin 1:  بمصر سنة تسعين وثلث مائة,margin 1: Qur’ān IX: 33 till المشركون,Misr
151116,margin 1:  بفلسطين سنة ثمان وثمانين وثلثمائة,margin 1: Qur’ān IX: 33 till المشركون,Filastin
151117,margin 1:  بمصر سنة سبع وثمانين وثلث مائة,margin 1: Qur’ān IX: 33 till المشركون,Misr
151118,margin 1: heavily clipped   ,margin 1: heavily clipped   ,m.
151119,margin 1:  بمصر سنة اربعمائة,margin 1: Qur’ān IX: 33 till المشركون,Misr
151120,margin 1:  بالمنصورية سنة تسع وتسعين وثلثمائة,margin 1: Qur’ān IX: 33 till المشركون,al-Mansuriyah
151121,margin 1:  بمصر سنة اربع وثمانين وثلث مائة,margin 1: Qur’ān IX: 33 till المشركون,Misr
151122,margin 1:  بالمنصورية سنة احدى واربعمائة,margin 1: Qur’ān IX: 33 till المشركون,al-Mansuriyah
151123,margin 1: heavily clipped   ,margin 1: heavily clipped   ,m.
151124,margin 1:  بالمنصورية سنة ثمان وثمانين وثلثمائة,margin 1: Qur’ān IX: 33 till المشركون,al-Mansuriyah
151125,margin 1:  بمصر سنة سبع وثمانين وثلث مائة,margin 1: Qur’ān IX: 33 till المشركون,Misr
151126,margin 1: .... بالمنصورية سنة,margin 1: Qur’ān IX: 33 till المشركون,al-Mansuriyah
151127,margin 1:  بمصر سنة ست وثمانين وثلثمائة,margin 1: Qur’ān IX: 33 till المشركون,Misr
151128,margin 1: .... بالمهدية سنة,margin 1: Qur’ān IX: 33 till المشركون,al-Mahdiyah
151129,margin 1:  بالمهدية سنة...   واربعمائة,margin 1: Qur’ān IX: 33 till المشركون,al-Mahdiyah
151130,margin 1:  بمصر سنة سبع و اربعمائة,margin 1: Qur’ān IX: 33 till المشركون,Misr
151131,margin 1: .... بالمنصورية سنة,margin 1: Qur’ān IX: 33 till المشركون,al-Mansuriyah
151132,margin 1: .... بالمنصورية سنة,margin 1: Qur’ān IX: 33 till المشركون,al-Mansuriyah
151133,margin 1:  بالمهدية سنة احدى وتسعـين وثلثمائة,margin 1: Qur’ān IX: 33 till المشركون,al-Mahdiyah
151134,margin 1:  بمصر سنة اربع و اربعمائة,margin 1: Qur’ān IX: 33 till المشركون,Misr
151135,margin 1:  بالقاهرة المحروسة سنة اربع وتسعين وثلثمائة,margin 1: Qur’ān IX: 33 till المشركون,al-Qahirah al-Mahrusah
151136,margin 1: .... بالمهدية سنة,margin 1: Qur’ān IX: 33 till المشركون,al-Mahdiyah
151137,margin 1: .... بالمنصورية سنة خمس,margin 1: Qur’ān IX: 33 till المشركون,al-Mansuriyah
151138,margin 1:  بمصر سنة اربع و اربعمائة,margin 1: Qur’ān IX: 33 till المشركون,Misr
151139,margin 1:  بمصر سنة ست وتسعين وثلثمائة,margin 1: Qur’ān IX: 33 till المشركون,Misr
151140,margin 1: heavily clipped   ,margin 1: heavily clipped   ,m.
151141,margin 1:  بالمنصورية سنة احدى وتسعين وثلثمائة,margin 1: Qur’ān IX: 33 till المشركون,al-Mansuriyah
151142,margin 1:  بالمهدية سنة ثمان وثمانين وثلثمائة,margin 1: Qur’ān IX: 33 till المشركون,al-Mahdiyah
151143,margin 1:  بمصر سنة خمس و اربعمائة,margin 1: Qur’ān IX: 33 till المشركون,Misr
151144,margin 1:  بمصر سنة خمس وتسعين وثلثمائة,margin 1: Qur’ān IX: 33 till المشركون,Misr
151145,margin 1: heavily clipped   ,margin 1: heavily clipped   ,m.
151146,margin 1: heavily clipped   ,margin 1: heavily clipped   ,m.
151147,margin 1: .... بالمهدية سنة,margin 1: Qur’ān IX: 33 till المشركون,al-Mahdiyah
151148,margin 1:  بالمنصورية سنة سبع وثمانين وثلثمائة,margin 1: Qur’ān IX: 33 till المشركون,al-Mansuriyah
151149,margin 1: .... بالمنصورية سنة,margin 1: Qur’ān IX: 33 till المشركون,al-Mansuriyah
151150,margin 1:  بمصر سنة سبع وتسعين وثلثمائة,margin 1: Qur’ān IX: 33 till المشركون,Misr
151151,margin 1: .... بالمنصورية سنة,margin 1: Qur’ān IX: 33 till المشركون,al-Mansuriyah
151152,margin 1:  بالمنصورية سنة اربع واربعمائة,margin 1: Qur’ān IX: 33 till المشركون,al-Mansuriyah
151153,margin 1:  بمصر سنة اثنين وتسعين وثلث مائة,margin 1: Qur’ān IX: 33 till المشركون,Misr
151154,margin 1:  بمصر سنة اربعمائة,margin 1: Qur’ān IX: 33 till المشركون,Misr
151155,margin 1:  بمصر سنة احدى وتسعين وثلثمائة,margin 1: Qur’ān IX: 33 till المشركون,Misr
151156,margin 1: .... بالمهدية سنة,margin 1: Qur’ān IX: 33 till المشركون,al-Mahdiyah
151157,margin 1:  بمصر سنة اربعمائة,margin 1: Qur’ān IX: 33 till المشركون,Misr
151158,margin 1: .... بالمنصورية سنة,margin 1: Qur’ān IX: 33 till المشركون,al-Mansuriyah
151159,margin 1:  بالمهدية سنة اربع وتسعين وثلث مائة,margin 1: Qur’ān IX: 33 till المشركون,al-Mahdiyah
151160,margin 1:  بمصر سنة تسع وتسعين وثلثمائة,margin 1: Qur’ān IX: 33 till المشركون,Misr
151161,margin 1:  بمصر سنة تسع وتسعين وثلثمائة,margin 1: Qur’ān IX: 33 till المشركون,Misr
151162,margin 1:  بمصر سنة ثمان وتسعين وثلثمائة,margin 1: Qur’ān IX: 33 till المشركون,Misr
151163,margin 1:  بالمنصورية سنة ست واربعمائة,margin 1: Qur’ān IX: 33 till المشركون,al-Mansuriyah
151164,margin 1:  بمصر سنة خمس و اربعمائة,margin 1: Qur’ān IX: 33 till المشركون,Misr
151165,margin 1: .... بالمنصورية سنة تسع,margin 1: Qur’ān IX: 33 till المشركون,al-Mansuriyah
151166,margin 1:  بالمنصورية سنة ست واربعمائة,margin 1: Qur’ān IX: 33 till المشركون,al-Mansuriyah
151167,margin 1:  بمصر سنة احدى واربعمائة,margin 1: Qur’ān IX: 33 till المشركون,Misr
151168,margin 1:  بمصر سنة تسع وثمانين وثلث مائة,margin 1: Qur’ān IX: 33 till المشركون,Misr
151169,margin 1:  بالمنصورية سنة سبع وثمانين وثلثمائة,margin 1: Qur’ān IX: 33 till المشركون,al-Mansuriyah
151170,margin 1:  بمصر سنة ثمان وثمانين وثلث مائة,margin 1: Qur’ān IX: 33 till المشركون,Misr
151171,margin 1:  بالمنصورية سنة اربع واربعمائة,margin 1: Qur’ān IX: 33 till المشركون,al-Mansuriyah
151172,margin 1:  بمصر سنة تسع وثمانين وثلث مائة,margin 1: Qur’ān IX: 33 till المشركون,Misr
151173,margin 1: heavily clipped   ,margin 1: heavily clipped   ,m.
151174,margin 1:  بمدينة رسول الله سنة ست وثمانين وثلث مائة,margin 1: Qur’ān IX: 33 till المشركون,Madinat Rasul Allah?
151175,margin 1:  بالمنصورية سنة اربعمائة,margin 1: Qur’ān IX: 33 till المشركون,al-Mansuriyah
151176,margin 1:  بمصر سنة ثلث وتسعين وثلثمائة,margin 1: Qur’ān IX: 33 till المشركون,Misr
151177,margin 1:  بمصر سنة اربع وتسعين وثلثمائة,margin 1: Qur’ān IX: 33 till المشركون,Misr
151178,margin 1:   اربعمائة…,margin 1: heavily clipped   ,m.
151179,margin 1:  بمصر سنة تسعين وثلث مائة,margin 1: Qur’ān IX: 33 till المشركون,Misr
151180,margin 1: .... بالمنصورية سنة,margin 1: Qur’ān IX: 33 till المشركون,al-Mansuriyah
151181,margin 1:  بفلسطين سنة تسعين وثلثمائة,margin 1: Qur’ān IX: 33 till المشركون,Filastin
151182,margin 1:  بمصر سنة سبع وتسعين وثلثمائة,margin 1: Qur’ān IX: 33 till المشركون,Misr
151183,margin 1:  بالمنصورية سنة ست وتسعين وثلثمائة,margin 1: Qur’ān IX: 33 till المشركون,al-Mansuriyah
151184,margin 1:  بمصر سنة اربعمائة,margin 1: Qur’ān IX: 33 till المشركون,Misr
151185,margin 1:  بالمنصورية سنة سبع واربعمائة,margin 1: Qur’ān IX: 33 till المشركون,al-Mansuriyah
151186,margin 1: .... بالمنصورية سنة,margin 1: Qur’ān IX: 33 till المشركون,al-Mansuriyah
151187,margin 1:  بمصر سنة ثلث وتسعين وثلثمائة,margin 1: Qur’ān IX: 33 till المشركون,Misr
151188,margin 1:   اربعمائة…,margin 1: heavily clipped   ,m.
151189,margin 1:  بمصر سنة اربعمائة,margin 1: Qur’ān IX: 33 till المشركون,Misr
151190,margin 1: heavily clipped   ,margin 1: heavily clipped   ,m.
151191,margin 1:  بالمنصورية سنة تسع وتسعين وثلثمائة,margin 1: Qur’ān IX: 33 till المشركون,al-Mansuriyah
151192,margin 1: heavily clipped   ,margin 1: heavily clipped   ,m.
151193,margin 1:  بمصر سنة اربعمائة,margin 1: Qur’ān IX: 33 till المشركون,Misr
151194,margin 1: .... بالمنصورية سنة,margin 1: Qur’ān IX: 33 till المشركون,al-Mansuriyah
151195,margin 1:  بالمهدية سنة احدى وتسعـين وثلثمائة,margin 1: Qur’ān IX: 33 till المشركون,al-Mahdiyah
151196,margin 1: .... بالمنصورية سنة,margin 1: Qur’ān IX: 33 till المشركون,al-Mansuriyah
151197,margin 1:  بالمهدية سنة اربع واربعمائة,margin 1: Qur’ān IX: 33 till المشركون,al-Mahdiyah
151200,margin 1:  بمصر سنة خمس وتسعين وثلثمائة,margin 1: Qur’ān IX: 33 till المشركون,Misr
151201,margin 1:  بمصر سنة اثنين وتسعين وثلث مائة,margin 1: Qur’ān IX: 33 till المشركون,Misr
151202,margin 1:  بمصر سنة تسع وتسعين وثلثمائة,margin 1: Qur’ān IX: 33 till المشركون,Misr
151203,margin 1: heavily clipped   ,margin 1: heavily clipped   ,m.
151204,margin 1: heavily clipped   ,margin 1: heavily clipped   ,m.
151205,margin 1: .... بالمنصورية سنة,margin 1: Qur’ān IX: 33 till المشركون,al-Mansuriyah
151206,margin 1:  بالمنصورية سنة احدى واربعمائة,margin 1: Qur’ān IX: 33 till المشركون,al-Mansuriyah
151207,margin 1: .... بالمنصورية سنة,margin 1: Qur’ān IX: 33 till المشركون,al-Mansuriyah
151208,margin 1: heavily clipped   ,margin 1: heavily clipped   ,m.
151209,margin 1:  بالمنصورية سنة ثمان وثمانين وثلثمائة,margin 1: Qur’ān IX: 33 till المشركون,al-Mansuriyah
151212,margin 1:  بالمنصورية سنة تسع وتسعين وثلثمائة,margin 1: Qur’ān IX: 33 till المشركون,al-Mansuriyah
151213,margin 1:  بالمهدية سنة ست واربعمائة,margin 1: Qur’ān IX: 33 till المشركون,al-Mahdiyah
151214,margin 1:  بمصر سنة تسع وتسعين وثلثمائة,margin 1: Qur’ān IX: 33 till المشركون,Misr
151215,margin 1: heavily clipped   ,margin 1: heavily clipped   ,m.
151216,margin 1:  بمصر سنة خمس وتسعين وثلثمائة,margin 1: Qur’ān IX: 33 till المشركون,Misr
151217,margin 1: heavily clipped   ,margin 1: heavily clipped   ,m.
151218,margin 1:  ببرقة سنة سبع واربعمائة,margin 1: Qur’ān IX: 33 till المشركون  ,Barqa
151272,margin 1: heavily clipped   ,margin 1: heavily clipped   ,m.
151273,margin 1:  بمصر سنة تسع وتسعين وثلثمائة,margin 1: Qur’ān IX: 33 till المشركون,Misr
151274,margin 1:  بمصر سنة ثمان وثمانين وثلث مائة,margin 1: Qur’ān IX: 33 till المشركون,Misr
151275,margin 1:  بمصر سنة ثمان وثمانين وثلث مائة,margin 1: Qur’ān IX: 33 till المشركون,Misr
151276,margin 1:  بمصر سنة تسع وثمانين وثلث مائة,margin 1: Qur’ān IX: 33 till المشركون,Misr
151277,margin 1:  بمصر سنة تسع وثمانين وثلث مائة,margin 1: Qur’ān IX: 33 till المشركون,Misr
151278,margin 1:  بمصر سنة ثمان وثمانين وثلث مائة,margin 1: Qur’ān IX: 33 till المشركون,Misr
151279,margin 1:  بالمنصورية سنة سبع واربعمائة,margin 1: Qur’ān IX: 33 till المشركون,al-Mansuriyah
151280,margin 1:  بمصر سنة ثمان وثمانين وثلث مائة,margin 1: Qur’ān IX: 33 till المشركون,Misr
151281,margin 1:  بمصر سنة ثمان وثمانين وثلث مائة,margin 1: Qur’ān IX: 33 till المشركون,Misr
151282,margin 1:  بمصر سنة سبع وثمانين وثلث مائة,margin 1: Qur’ān IX: 33 till المشركون,Misr
151283,margin 1:  بمصر سنة سبع وثمانين وثلث مائة,margin 1: Qur’ān IX: 33 till المشركون,Misr
151284,margin 1:  بمصر سنة ثمان وثمانين وثلث مائة,margin 1: Qur’ān IX: 33 till المشركون,Misr
151285,margin 1:  بمصر سنة تسع وتسعين وثلثمائة,margin 1: Qur’ān IX: 33 till المشركون,Misr
151286,margin 1: .... بالمنصورية سنة,margin 1: Qur’ān IX: 33 till المشركون,al-Mansuriyah
151287,margin 1:  ببرقة سنة ست وثمانين وثلثمائة,margin 1: Qur’ān IX: 33 till المشركون  ,Barqa
151288,margin 1:  بمصر سنة تسع وتسعين وثلثمائة,margin 1: Qur’ān IX: 33 till المشركون,Misr
151289,margin 1:  بمصر سنة ثلث وتسعين وثلثمائة,margin 1: Qur’ān IX: 33 till المشركون,Misr
151290,margin 1:  بمصر سنة ثمان وثمانين وثلث مائة,margin 1: Qur’ān IX: 33 till المشركون,Misr
151291,margin 1:  بمصر سنة تسع وثمانين وثلث مائة,margin 1: Qur’ān IX: 33 till المشركون,Misr
151292,margin 1:  بمصر سنة اربعمائة,margin 1: Qur’ān IX: 33 till المشركون,Misr
151293,margin 1:  بالمنصورية سنة اربع وتسعين وثلثمائة,margin 1: Qur’ān IX: 33 till المشركون,al-Mansuriyah
151294,margin 1:  بالمنصورية سنة ثمان وثمانين وثلثمائة,margin 1: Qur’ān IX: 33 till المشركون,al-Mansuriyah
151295,margin 1:  بمصر سنة تسع وتسعين وثلثمائة,margin 1: Qur’ān IX: 33 till المشركون,Misr
151573,margin 1: heavily clipped   ,margin 1: heavily clipped   ,m.
151574,margin 1: heavily clipped   ,margin 1: heavily clipped   ,m.
151575,margin 1:  بمصر سنة سبع وتسعين وثلثمائة,margin 1: Qur’ān IX: 33 till المشركون,Misr
151576,margin 1:  بمصر سنة تسعين وثلث مائة,margin 1: Qur’ān IX: 33 till المشركون,Misr
151577,margin 1:  بمصر سنة تسع وثمانين وثلث مائة,margin 1: Qur’ān IX: 33 till المشركون,Misr
151578,margin 1:  بالمنصورية سنة اربع وتسعين وثلثمائة,margin 1: Qur’ān IX: 33 till المشركون,al-Mansuriyah
151579,margin 1:  بمصر سنة اربعمائة,margin 1: Qur’ān IX: 33 till المشركون,Misr
151580,margin 1:  بمصر سنة اربع وتسعين وثلثمائة,margin 1: Qur’ān IX: 33 till المشركون,Misr
151581,margin 1: heavily clipped   ,margin 1: heavily clipped   ,m.
151582,margin 1: heavily clipped   ,margin 1: heavily clipped   ,m.
151583,margin 1:  ... واربعمائة,margin 1: heavily clipped   ,m.
151584,margin 1:   سنة سبع وتسعين وثلثمائة …,margin 1: Qur’ān IX: 33 till المشركون,m.
151637,margin 1:  بالمنصورية سنة اربع واربعمائة,margin 1: Qur’ān IX: 33 till المشركون,al-Mansuriyah
152198,margin:  الدينر سنة سبع عشر واربعمائة,margin: (Qur’ān IX: 33),no mint
152636,margin 1:  بالمنصورية سنة اربع وتسعين وثلثمائة,margin 1: Qur’ān IX: 33 till المشركون,al-Mansuriyah
152637,margin 1:  بمصر سنة ثلث وتسعين وثلثمائة,margin 1: Qur’ān IX: 33 till المشركون,Misr
152638,margin 1:  بمصر سنة ثمان وثمانين وثلث مائة,margin 1: Qur’ān IX: 33 till المشركون,Misr
152639,margin 1: .... بالمنصورية سنة,margin 1: Qur’ān IX: 33 till المشركون,al-Mansuriyah
152640,margin 1: .... بالمنصورية سنة,margin 1: Qur’ān IX: 33 till المشركون,al-Mansuriyah
152642,margin 1:  بفلسطين سنة ست وتسعين وثلثمائة,margin 1: Qur’ān IX: 33 till المشركون,Filastin
152643,margin 1: احدى واربعمائة  …,margin 1: heavily clipped   ,m.
152644,margin 1:  بالمنصورية سنة تسع وتسعين وثلثمائة,margin 1: Qur’ān IX: 33 till المشركون,al-Mansuriyah
152645,margin 1:  بالمنصورية سنة اربع واربعمائة,margin 1: Qur’ān IX: 33 till المشركون,al-Mansuriyah
152646,margin 1: ...,margin 1: Qur’ān IX: 33 illegible,m.
152649,margin 1:  بمصر سنة اربع وتسعين وثلثمائة,margin 1: Qur’ān IX: 33 till المشركون,Misr
152650,margin 1: .... بالمنصورية سنة,margin 1: Qur’ān IX: 33 till المشركون,al-Mansuriyah
152651,margin 1: .... بالمنصورية سنة,margin 1: Qur’ān IX: 33 till المشركون,al-Mansuriyah
152652,margin 1: .... بالمنصورية سنة,margin 1: Qur’ān IX: 33 till المشركون,al-Mansuriyah
152653,margin 1:  بمصر سنة ست وثمانين وثلثمائة,margin 1: Qur’ān IX: 33 till المشركون,Misr
152654,margin 1:  بالمنصورية سنة اربع وتسعين وثلثمائة,margin 1: Qur’ān IX: 33 till المشركون,al-Mansuriyah
152655,margin 1:  بمصر سنة احدى واربعمائة,margin 1: Qur’ān IX: 33 till المشركون,Misr
152659,margin 1: heavily clipped   ,margin 1:  Qur’ān IX: 33.  ,m.
152668,margin 1:   وثلثمائة ... ,margin: Qur’ān IX: 33 till المشركون ,m.
IAA no,Varieties: obverse ,Varieties: reverse,mint